photo,buyer,ticket_number,ticket_number_note,ticket_date,commodity,gross_lb,tare_lb,net_lb,gross_time,tare_time,gross_bu,shrink_bu,net_bu,moisture_pct,test_weight,foreign_material_pct,damage_pct,heat_damage_pct,vehicle_id_printed,bol,handwritten_notes,arithmetic_check
1,"J.E. Meuret Grain Co. (Dakota City, NE)",,number hidden by clipboard clip; ends ...1461,09/16/2026,Organic Corn,84380,24940,59440,3:24 pm,3:41 pm,1061.43,221.31,840.12,28.9,54.5,,,,02,UFER FARMS,JP #2 Borstad. Load ?,PASS
2,"Valero Grain Marketing (Hartley, IA)",9717932,,07/08/2026,#2 Yellow Corn,101960,34100,67860,8:12:48 AM,8:25:37 AM,1211.79,0,1211.79,16.4,58.3,0.9,1.0,0.01,TU38036,,Danube #2 Big Truck #10 JB,PASS
3,"J.E. Meuret Grain Co. (Dakota City, NE)",61464,'DAK' prefix hidden by clip,09/16/2026,Organic Corn,84360,25180,59180,4:12 pm,4:36 pm,1056.79,204.49,852.3,27.9,53.8,1.1,,,1,BORSTAD,#1 AG (cut off at bottom of photo),PASS
4,"J.E. Meuret Grain Co. (Dakota City, NE)",DAK 61431,,09/16/2026,Organic Corn,82820,25060,57760,7:37 am,8:02 am,1031.43,198.03,833.4,27.8,54.2,2.0,,,02,,JP #2 Borsteed Load 4,PASS
5,"J.E. Meuret Grain Co. (Dakota City, NE)",,digits hidden by clipboard clip; ends ...759,07/08/2026,Organic Corn,103940,28600,75340,7:49 am,8:02 am,1345.36,0.0,1345.36,13.9,57.4,1.6,,,10,,,PASS
6,"J.E. Meuret Grain Co. (Dakota City, NE)",,mostly hidden by clipboard clip; ends ...34 (photo rotated 90 deg),09/16/2026,Organic Corn,83780,25480,58300,7:49 am,8:20 am,1041.07,193.64,847.43,27.4,53.5,2.0,,,1,BORSTAD,#1 AG,PASS
7,PF MN Fairmont (US Warehouse Act cert.),1350135,B/L 1216094; ORIGINAL and COPY both in photo,07/02/2026,Yellow Soybeans,98080,28560,69520,12:05 PM,12:42 PM,1158.67,0,1158.67,12.6,55.3,0.1,,,,,JP #6 F35,PASS
8,"J.E. Meuret Grain Co. (Dakota City, NE)",DAK 61462,,09/16/2026,Organic Corn,86420,24520,61900,3:25 pm,3:46 pm,1105.36,250.36,855.0,30.1,54.0,,,,2,,Borestad Derrick,PASS
9,"J.E. Meuret Grain Co. (Dakota City, NE)",DAK 61453,,09/16/2026,Organic Corn,92280,25860,66420,1:35 pm,1:47 pm,1186.07,218.83,967.24,27.3,54.2,2.0,,,#4,,(signature) #4 Borstad,PASS
10,"J.E. Meuret Grain Co. (Dakota City, NE)",DAK 61432,shadow + fingers over part of ticket,09/16/2026,Organic Corn,84800,24900,59900,7:41 am,8:07 am,1069.64,206.98,862.66,27.9,54.3,1.8,,,2,,,PASS
11,"J.E. Meuret Grain Co. (Dakota City, NE)",DAK 61428,photo 18 is the same ticket,09/16/2026,Organic Corn,98480,28700,69780,7:30 am,7:44 am,1246.07,272.89,973.18,29.6,53.7,1.5,,,10,,,PASS
12,"J.E. Meuret Grain Co. (Dakota City, NE)",DAK 61456,,09/16/2026,Organic Corn,94740,28240,66500,2:25 pm,2:47 pm,1187.5,235.13,952.38,28.2,55.0,,,,10,,2 out of 2 / Peter Truck 6,PASS
13,"J.E. Meuret Grain Co. (Dakota City, NE)",,leading digits hidden by clip; ends ...1455,09/16/2026,Organic Corn,106700,33660,73040,2:09 pm,2:31 pm,1304.29,250.42,1053.87,27.8,53.1,2.1,,,7,BORSTAD,RS #7,PASS
14,"J.E. Meuret Grain Co. (Dakota City, NE)",DAK 61427,thumb over part of Net Weight label,09/16/2026,Organic Corn,95020,26340,68680,7:26 am,7:38 am,1226.43,264.91,961.52,29.4,52.9,1.5,,,#4,UFER JOHN,(signature),PASS
15,"J.E. Meuret Grain Co. (Dakota City, NE)",DAK 61430,low-resolution photo,09/16/2026,Organic Corn,99580,28440,71140,7:34 am,7:55 am,1270.36,257.25,1013.11,28.5,53.3,1.3,,,6,,,PASS
16,"J.E. Meuret Grain Co. (Dakota City, NE)",DAK 61429,,09/16/2026,Organic Corn,107400,33760,73640,7:29 am,7:48 am,1315.0,262.34,1052.66,28.3,53.1,1.5,,,7,BORSTAD,RS #7,PASS
17,"J.E. Meuret Grain Co. (Dakota City, NE)",DAK 61433,photo rotated 90 deg,09/16/2026,Organic Corn,99020,28360,70660,7:46 am,8:14 am,1261.79,261.19,1000.6,28.8,53.9,1.9,,,07,BORSTAD,,PASS
19,"Valero Grain Marketing (Welcome, MN)",14737482,both copies on the page,09/28/2026,#2 Yellow Corn,87420,26420,61000,10:30:17 AM,10:42:11 AM,1089.29,0,1089.29,16.3,52.7,5.2,1.0,0.01,TU3513,,JP #4 Bin 6 Load 1,PASS
